Track Id,Prediction
Track 40562,Not Hit
Track 53560,Not Hit
Track 8535,Not Hit
Track 43497,Not Hit
Track 20495,Not Hit
Track 70485,Not Hit
Track 62427,Not Hit
Track 88556,Not Hit
Track 27746,Not Hit
Track 37486,Not Hit
Track 70553,Not Hit
Track 6648,Not Hit
Track 70896,Not Hit
Track 87442,Not Hit
Track 37931,Not Hit
Track 15086,Not Hit
Track 15006,Not Hit
Track 94779,Not Hit
Track 90727,Not Hit
Track 24304,Not Hit
Track 40560,Not Hit
Track 5534,Not Hit
Track 60298,Not Hit
Track 69543,Not Hit
Track 96719,Not Hit
Track 62730,Not Hit
Track 95081,Not Hit
Track 76091,Not Hit
Track 19318,Not Hit
Track 28345,Not Hit
Track 79878,Not Hit
Track 79065,Not Hit
Track 27983,Not Hit
Track 13590,Not Hit
Track 1986,Not Hit
Track 88377,Not Hit
Track 42902,Not Hit
Track 65669,Not Hit
Track 1312,Not Hit
Track 86730,Not Hit
Track 63731,Not Hit
Track 42344,Not Hit
Track 67105,Not Hit
Track 36794,Not Hit
Track 58447,Not Hit
Track 63404,Not Hit
Track 60504,Not Hit
Track 15801,Not Hit
Track 7194,Not Hit
Track 6914,Not Hit
Track 97438,Not Hit
Track 81490,Not Hit
Track 68773,Not Hit
Track 65289,Not Hit
Track 63614,Not Hit
Track 40432,Not Hit
Track 96747,Not Hit
Track 1071,Not Hit
Track 16439,Not Hit
Track 2782,Not Hit
Track 86631,Not Hit
Track 49484,Not Hit
Track 65001,Not Hit
Track 93067,Not Hit
Track 24358,Not Hit
Track 28890,Not Hit
Track 51505,Not Hit
Track 91138,Not Hit
Track 56173,Not Hit
Track 53421,Not Hit
Track 97463,Not Hit
Track 57146,Not Hit
Track 43620,Not Hit
Track 33990,Not Hit
Track 96253,Not Hit
Track 63459,Not Hit
Track 27386,Not Hit
Track 44267,Not Hit
Track 32532,Not Hit
Track 76952,Not Hit
Track 33771,Not Hit
Track 55053,Not Hit
Track 57739,Not Hit
Track 37342,Not Hit
Track 12053,Not Hit
Track 91507,Not Hit
Track 77324,Not Hit
Track 85972,Not Hit
Track 49500,Not Hit
Track 13985,Not Hit
Track 84412,Not Hit
Track 21783,Not Hit
Track 48594,Not Hit
Track 27640,Not Hit
Track 26431,Not Hit
Track 29658,Not Hit
Track 31177,Not Hit
Track 17687,Not Hit
Track 6089,Not Hit
Track 76115,Not Hit
Track 44892,Not Hit
Track 43188,Not Hit
Track 97130,Not Hit
Track 57700,Not Hit
Track 95284,Not Hit
Track 61578,Not Hit
Track 23873,Not Hit
Track 68990,Not Hit
Track 94560,Not Hit
Track 18342,Not Hit
Track 62914,Not Hit
Track 77083,Not Hit
Track 42387,Not Hit
Track 68370,Not Hit
Track 34845,Not Hit
Track 8468,Not Hit
Track 5172,Not Hit
Track 65985,Not Hit
Track 86712,Not Hit
Track 37008,Not Hit
Track 78398,Not Hit
Track 67010,Not Hit
Track 93325,Not Hit
Track 51006,Not Hit
Track 77668,Not Hit
Track 57639,Not Hit
Track 94545,Not Hit
Track 70142,Not Hit
Track 39205,Not Hit
Track 98405,Not Hit
Track 91695,Not Hit
Track 73157,Not Hit
Track 77678,Not Hit
Track 11273,Not Hit
Track 7206,Not Hit
Track 1280,Not Hit
Track 39309,Not Hit
Track 57969,Not Hit
Track 87893,Not Hit
Track 40248,Not Hit
Track 27293,Not Hit
Track 12439,Not Hit
Track 59228,Not Hit
Track 3224,Not Hit
Track 65469,Not Hit
Track 73586,Not Hit
Track 74603,Not Hit
Track 51786,Not Hit
Track 7133,Not Hit
Track 26226,Not Hit
Track 66018,Not Hit
Track 43527,Not Hit
Track 30978,Not Hit
Track 22048,Not Hit
Track 81015,Not Hit
Track 57077,Not Hit
Track 19402,Not Hit
Track 21188,Not Hit
Track 45952,Not Hit
Track 69548,Not Hit
Track 42453,Not Hit
Track 97556,Not Hit
Track 66706,Not Hit
Track 58675,Not Hit
Track 3170,Not Hit
Track 83389,Not Hit
Track 34441,Not Hit
Track 84665,Not Hit
Track 56055,Not Hit
Track 85573,Not Hit
Track 58065,Not Hit
Track 60940,Not Hit
Track 64217,Not Hit
Track 66209,Not Hit
Track 58043,Not Hit
Track 31173,Not Hit
Track 83424,Not Hit
Track 15928,Not Hit
Track 60704,Not Hit
Track 32756,Not Hit
Track 28051,Not Hit
Track 76896,Not Hit
Track 12484,Not Hit
Track 41843,Not Hit
Track 47245,Not Hit
Track 33055,Not Hit
Track 86461,Not Hit
Track 70936,Not Hit
Track 98133,Not Hit
Track 32196,Not Hit
Track 2550,Not Hit
Track 64154,Not Hit
Track 20377,Not Hit
Track 86375,Not Hit
Track 77145,Not Hit
Track 90759,Not Hit
Track 19699,Not Hit
Track 52521,Not Hit
Track 28973,Not Hit
Track 90359,Not Hit
Track 40966,Not Hit
Track 2162,Not Hit
Track 6112,Not Hit
Track 14328,Not Hit
Track 30069,Not Hit
Track 55267,Not Hit
Track 81784,Not Hit
Track 88286,Not Hit
Track 15858,Not Hit
Track 89577,Not Hit
Track 9710,Not Hit
Track 92040,Not Hit
Track 48822,Not Hit
Track 46629,Not Hit
Track 23048,Not Hit
Track 43758,Not Hit
Track 75027,Not Hit
Track 65233,Not Hit
Track 50756,Not Hit
Track 23032,Not Hit
Track 75633,Not Hit
Track 68421,Not Hit
Track 33598,Not Hit
Track 7807,Not Hit
Track 76087,Not Hit
Track 95878,Not Hit
Track 15614,Not Hit
Track 46973,Not Hit
Track 75645,Not Hit
Track 83732,Not Hit
Track 42963,Not Hit
Track 21092,Not Hit
Track 52905,Not Hit
Track 65365,Not Hit
Track 92448,Not Hit
Track 59500,Not Hit
Track 15261,Not Hit
Track 98040,Not Hit
Track 98264,Not Hit
Track 46839,Not Hit
Track 54940,Not Hit
Track 18285,Not Hit
Track 65157,Not Hit
Track 93378,Not Hit
Track 5068,Not Hit
Track 97975,Not Hit
Track 5640,Not Hit
Track 93614,Not Hit
Track 29541,Not Hit
Track 87511,Not Hit
Track 55348,Not Hit
Track 82216,Not Hit
Track 44461,Not Hit
Track 94684,Not Hit
Track 54683,Not Hit
Track 50108,Not Hit
Track 58472,Not Hit
Track 39774,Not Hit
Track 85969,Not Hit
Track 60978,Not Hit
Track 91837,Not Hit
Track 43139,Not Hit
Track 44785,Not Hit
Track 12806,Not Hit
Track 46434,Not Hit
Track 79589,Not Hit
Track 51090,Not Hit
Track 17100,Not Hit
Track 15486,Not Hit
Track 76636,Not Hit
Track 62805,Not Hit
Track 66678,Not Hit
Track 33232,Not Hit
Track 41471,Not Hit
Track 87701,Not Hit
Track 47621,Not Hit
Track 88618,Not Hit
Track 88854,Not Hit
Track 49491,Not Hit
Track 37708,Not Hit
Track 92268,Not Hit
Track 60603,Not Hit
Track 21037,Not Hit
Track 32447,Not Hit
Track 1899,Not Hit
Track 43161,Not Hit
Track 88426,Not Hit
Track 40827,Not Hit
Track 71286,Not Hit
Track 69316,Not Hit
Track 32306,Not Hit
Track 46247,Not Hit
Track 32067,Not Hit
Track 53261,Not Hit
Track 58492,Not Hit
Track 11477,Not Hit
Track 50631,Not Hit
Track 29036,Not Hit
Track 54538,Not Hit
Track 16553,Not Hit
Track 69140,Not Hit
Track 10485,Not Hit
Track 23374,Not Hit
Track 78129,Not Hit
Track 96439,Not Hit
Track 97790,Not Hit
Track 84465,Not Hit
Track 8472,Not Hit
Track 69203,Not Hit
Track 63700,Not Hit
Track 61711,Not Hit
Track 22588,Not Hit
Track 5281,Not Hit
Track 70587,Not Hit
Track 35253,Not Hit
Track 43902,Not Hit
Track 75190,Not Hit
Track 6847,Not Hit
Track 33747,Not Hit
Track 90743,Not Hit
Track 31449,Not Hit
Track 5106,Not Hit
Track 49663,Not Hit
Track 77982,Not Hit
Track 7273,Not Hit
Track 23482,Not Hit
Track 23687,Not Hit
Track 42511,Not Hit
Track 49363,Not Hit
Track 72662,Not Hit
Track 94545,Not Hit
Track 94300,Not Hit
Track 78422,Not Hit
Track 59934,Not Hit
Track 26004,Not Hit
Track 5172,Not Hit
Track 58297,Not Hit
Track 84350,Not Hit
Track 4397,Not Hit
Track 92600,Not Hit
Track 23627,Not Hit
Track 24593,Not Hit
Track 46486,Not Hit
Track 80375,Not Hit
Track 12438,Not Hit
Track 56781,Not Hit
Track 49138,Not Hit
Track 84340,Not Hit
Track 19406,Not Hit
Track 55572,Not Hit
Track 2770,Not Hit
Track 79886,Not Hit
Track 24331,Not Hit
Track 35702,Not Hit
Track 41436,Not Hit
Track 91093,Not Hit
Track 56585,Not Hit
Track 91740,Not Hit
Track 2897,Not Hit
Track 29384,Not Hit
Track 2975,Not Hit
Track 73288,Not Hit
Track 53548,Not Hit
Track 91458,Not Hit
Track 60082,Not Hit
Track 51208,Not Hit
Track 9075,Not Hit
Track 53026,Not Hit
Track 99695,Not Hit
Track 95409,Not Hit
Track 35871,Not Hit
Track 12480,Not Hit
Track 94603,Not Hit
Track 82914,Not Hit
Track 41739,Not Hit
Track 8578,Not Hit
Track 80189,Not Hit
Track 67664,Not Hit
Track 68063,Not Hit
Track 18507,Not Hit
Track 95684,Not Hit
Track 72321,Not Hit
Track 90911,Not Hit
Track 19173,Not Hit
Track 55999,Not Hit
Track 84295,Not Hit
Track 90879,Not Hit
Track 11261,Not Hit
Track 15328,Not Hit
Track 65681,Not Hit
Track 37098,Not Hit
Track 1987,Not Hit
Track 29293,Not Hit
Track 42484,Not Hit
Track 18327,Not Hit
Track 65636,Not Hit
Track 34711,Not Hit
Track 85503,Not Hit
Track 57088,Not Hit
Track 45927,Not Hit
Track 48315,Not Hit
Track 17152,Not Hit
Track 58613,Not Hit
Track 99437,Not Hit
Track 44844,Not Hit
Track 89109,Not Hit
Track 92697,Not Hit
Track 71517,Not Hit
Track 48842,Not Hit
Track 7409,Not Hit
Track 56786,Not Hit
Track 37252,Not Hit
Track 66149,Not Hit
Track 8036,Not Hit
Track 20384,Not Hit
Track 58512,Not Hit
Track 92624,Not Hit
Track 70750,Not Hit
Track 63576,Not Hit
Track 31689,Not Hit
Track 10212,Not Hit
Track 5788,Not Hit
Track 58754,Not Hit
Track 27328,Not Hit
Track 19421,Not Hit
Track 94344,Not Hit
Track 28318,Not Hit
Track 25338,Not Hit
Track 87454,Not Hit
Track 96296,Not Hit
Track 38258,Not Hit
Track 63701,Not Hit
Track 38512,Not Hit
Track 43338,Not Hit
Track 60402,Not Hit
Track 74147,Not Hit
Track 49190,Not Hit
Track 17080,Not Hit
Track 90547,Not Hit
Track 61296,Not Hit
Track 28421,Not Hit
Track 25286,Not Hit
Track 62352,Not Hit
Track 60036,Not Hit
Track 30818,Not Hit
Track 33561,Not Hit
Track 38501,Not Hit
Track 78121,Not Hit
Track 11129,Not Hit
Track 78143,Not Hit
Track 30493,Not Hit
Track 8498,Not Hit
Track 96554,Not Hit
Track 37779,Not Hit
Track 53999,Not Hit
Track 29472,Not Hit
Track 9352,Not Hit
Track 93974,Not Hit
Track 32291,Not Hit
Track 70872,Not Hit
Track 59526,Not Hit
Track 87395,Not Hit
Track 15654,Not Hit
Track 64760,Not Hit
Track 86258,Not Hit
Track 67901,Not Hit
Track 61411,Not Hit
Track 56420,Not Hit
Track 67665,Not Hit
Track 21497,Not Hit
Track 21156,Not Hit
Track 62418,Not Hit
Track 50860,Not Hit
Track 2585,Not Hit
Track 1152,Not Hit
Track 50387,Not Hit
Track 84194,Not Hit
Track 12438,Not Hit
Track 65656,Not Hit
Track 35501,Not Hit
Track 96421,Not Hit
Track 43824,Not Hit
Track 95459,Not Hit
Track 18708,Not Hit
Track 79668,Not Hit
Track 42940,Not Hit
Track 58617,Not Hit
Track 35270,Not Hit
Track 97513,Not Hit
Track 80000,Not Hit
Track 59218,Not Hit
Track 49240,Not Hit
Track 83426,Not Hit
Track 63968,Not Hit
Track 85796,Not Hit
Track 91147,Not Hit
Track 33747,Not Hit
Track 85964,Not Hit
Track 44513,Not Hit
Track 73688,Not Hit
Track 1860,Not Hit
Track 16617,Not Hit
Track 71152,Not Hit
Track 26480,Not Hit
Track 97649,Not Hit
Track 23300,Not Hit
Track 96566,Not Hit
Track 69356,Not Hit
Track 93659,Not Hit
Track 59858,Not Hit
Track 49504,Not Hit
Track 87217,Not Hit
Track 67915,Not Hit
Track 23151,Not Hit
Track 29523,Not Hit
Track 3156,Not Hit
Track 40570,Not Hit
Track 53100,Not Hit
Track 90769,Not Hit
Track 6778,Not Hit
Track 9562,Not Hit
Track 5063,Not Hit
Track 38629,Not Hit
Track 45022,Not Hit
Track 32200,Not Hit
Track 34619,Not Hit
Track 34691,Not Hit
Track 35894,Not Hit
Track 60617,Not Hit
Track 58688,Not Hit
Track 90259,Not Hit
Track 90227,Not Hit
Track 17236,Not Hit
Track 39226,Not Hit
Track 94401,Not Hit
Track 21590,Not Hit
Track 32670,Not Hit
Track 80825,Not Hit
Track 74948,Not Hit
Track 1519,Not Hit
Track 85801,Not Hit
Track 5445,Not Hit
Track 44452,Not Hit
Track 63922,Not Hit
Track 48399,Not Hit
Track 37409,Not Hit
Track 67296,Not Hit
Track 14336,Not Hit
Track 30662,Not Hit
Track 13163,Not Hit
Track 92401,Not Hit
Track 20141,Not Hit
Track 2092,Not Hit
Track 48751,Not Hit
Track 96660,Not Hit
Track 44960,Not Hit
Track 18328,Not Hit
Track 93439,Not Hit
Track 81609,Not Hit
Track 47603,Not Hit
Track 8084,Not Hit
Track 30735,Not Hit
Track 4606,Not Hit
Track 24389,Not Hit
Track 5564,Not Hit
Track 38492,Not Hit
Track 92641,Not Hit
Track 7628,Not Hit
Track 42017,Not Hit
Track 81130,Not Hit
Track 65142,Not Hit
Track 44532,Not Hit
Track 7649,Not Hit
Track 61007,Not Hit
Track 37968,Not Hit
Track 28276,Not Hit
Track 63595,Not Hit
Track 43386,Not Hit
Track 22737,Not Hit
Track 65525,Not Hit
Track 8110,Not Hit
Track 24395,Not Hit
Track 33497,Not Hit
Track 34073,Not Hit
Track 37320,Not Hit
Track 24755,Not Hit
Track 61695,Not Hit
Track 92723,Not Hit
Track 70025,Not Hit
Track 46905,Not Hit
Track 12590,Not Hit
Track 52063,Not Hit
Track 29544,Not Hit
Track 90413,Not Hit
Track 16780,Not Hit
Track 74527,Not Hit
Track 69409,Not Hit
Track 33709,Not Hit
Track 70190,Not Hit
Track 83015,Not Hit
Track 14884,Not Hit
Track 73160,Not Hit
Track 50994,Not Hit
Track 15203,Not Hit
Track 84205,Not Hit
Track 27888,Not Hit
Track 55456,Not Hit
Track 52332,Not Hit
Track 88057,Not Hit
Track 2070,Not Hit
Track 39993,Not Hit
Track 4072,Not Hit
Track 57386,Not Hit
Track 93115,Not Hit
Track 80119,Not Hit
Track 25896,Not Hit
Track 54099,Not Hit
Track 4455,Not Hit
Track 59795,Not Hit
Track 38579,Not Hit
Track 5183,Not Hit
Track 80307,Not Hit
Track 19858,Not Hit
Track 83390,Not Hit
Track 81006,Not Hit
Track 79656,Not Hit
Track 15504,Not Hit
Track 49944,Not Hit
Track 60009,Not Hit
Track 39572,Not Hit
Track 53415,Not Hit
Track 32395,Not Hit
Track 82669,Not Hit
Track 66127,Not Hit
Track 72325,Not Hit
Track 48685,Not Hit
Track 7326,Not Hit
Track 28577,Not Hit
Track 34457,Not Hit
Track 95364,Not Hit
Track 38364,Not Hit
Track 53231,Not Hit
Track 48965,Not Hit
Track 95836,Not Hit
Track 32027,Not Hit
Track 55415,Not Hit
Track 90297,Not Hit
Track 58078,Not Hit
Track 89644,Not Hit
Track 92371,Not Hit
Track 95496,Not Hit
Track 56895,Not Hit
Track 35135,Not Hit
Track 58451,Not Hit
Track 74077,Not Hit
Track 21944,Not Hit
Track 99550,Not Hit
Track 1539,Not Hit
Track 19538,Not Hit
Track 14911,Not Hit
Track 80267,Not Hit
Track 36906,Not Hit
Track 86882,Not Hit
Track 77323,Not Hit
Track 19233,Not Hit
Track 5862,Not Hit
Track 64135,Not Hit
Track 76731,Not Hit
Track 25125,Not Hit
Track 13368,Not Hit
Track 28067,Not Hit
Track 41507,Not Hit
Track 22187,Not Hit
Track 36204,Not Hit
Track 2782,Not Hit
Track 31079,Not Hit
Track 22520,Not Hit
Track 51285,Not Hit
Track 5676,Not Hit
Track 59608,Not Hit
Track 81968,Not Hit
Track 49520,Not Hit
Track 73194,Not Hit
Track 27250,Not Hit
Track 14300,Not Hit
Track 33268,Not Hit
Track 64264,Not Hit
Track 80058,Not Hit
Track 61232,Not Hit
Track 64327,Not Hit
Track 87638,Not Hit
Track 8895,Not Hit
Track 67650,Not Hit
Track 30928,Not Hit
Track 81144,Not Hit
Track 54967,Not Hit
Track 95207,Not Hit
Track 79012,Not Hit
Track 64060,Not Hit
Track 87439,Not Hit
Track 4870,Not Hit
Track 15062,Not Hit
Track 29595,Not Hit
Track 59056,Not Hit
Track 69569,Not Hit
Track 68663,Not Hit
Track 7906,Not Hit
Track 33449,Not Hit
Track 39127,Not Hit
Track 70140,Not Hit
Track 90253,Not Hit
Track 5229,Not Hit
Track 90935,Not Hit
Track 39672,Not Hit
Track 71362,Not Hit
Track 30575,Not Hit
Track 99208,Not Hit
Track 42021,Not Hit
Track 34789,Not Hit
Track 32135,Not Hit
Track 90264,Not Hit
Track 28920,Not Hit
Track 33505,Not Hit
Track 92108,Not Hit
Track 6676,Not Hit
Track 49183,Not Hit
Track 24216,Not Hit
Track 52418,Not Hit
Track 44192,Not Hit
Track 91237,Not Hit
Track 53510,Not Hit
Track 35167,Not Hit
Track 96037,Not Hit
Track 28813,Not Hit
Track 58985,Not Hit
Track 54463,Not Hit
Track 99492,Not Hit
Track 88011,Not Hit
Track 12066,Not Hit
Track 12857,Not Hit
Track 2543,Not Hit
Track 71957,Not Hit
Track 23873,Not Hit
Track 95203,Not Hit
Track 99099,Not Hit
Track 26782,Not Hit
Track 34325,Not Hit
Track 14469,Not Hit
Track 92340,Not Hit
Track 26842,Not Hit
Track 32500,Not Hit
Track 16123,Not Hit
Track 63664,Not Hit
Track 17702,Not Hit
Track 67197,Not Hit
Track 75010,Not Hit
Track 87498,Not Hit
Track 21736,Not Hit
Track 77739,Not Hit
Track 99543,Not Hit
Track 27120,Not Hit
Track 55824,Not Hit
Track 9090,Not Hit
Track 28733,Not Hit
Track 67857,Not Hit
Track 22736,Not Hit
Track 16537,Not Hit
Track 67944,Not Hit
Track 69560,Not Hit
Track 59336,Not Hit
Track 30872,Not Hit
Track 7697,Not Hit
Track 91616,Not Hit
Track 51418,Not Hit
Track 87611,Not Hit
Track 6727,Not Hit
Track 80458,Not Hit
Track 65889,Not Hit
Track 46091,Not Hit
Track 80101,Not Hit
Track 40025,Not Hit
Track 22802,Not Hit
Track 77340,Not Hit
Track 69763,Not Hit
Track 71306,Not Hit
Track 21014,Not Hit
Track 21920,Not Hit
Track 11313,Not Hit
Track 66825,Not Hit
Track 25507,Not Hit
Track 38938,Not Hit
Track 20967,Not Hit
Track 89256,Not Hit
Track 30986,Not Hit
Track 69489,Not Hit
Track 31968,Not Hit
Track 56680,Not Hit
Track 59431,Not Hit
Track 64454,Not Hit
Track 32991,Not Hit
Track 17807,Not Hit
Track 2760,Not Hit
Track 31772,Not Hit
Track 62475,Not Hit
Track 39442,Not Hit
Track 53951,Not Hit
Track 80694,Not Hit
Track 65424,Not Hit
Track 31970,Not Hit
Track 72291,Not Hit
Track 18765,Not Hit
Track 38678,Not Hit
Track 47091,Not Hit
Track 67422,Not Hit
Track 5145,Not Hit
Track 22448,Not Hit
Track 30547,Not Hit
Track 49360,Not Hit
Track 94562,Not Hit
Track 14692,Not Hit
Track 21562,Not Hit
Track 42112,Not Hit
Track 87177,Not Hit
Track 9083,Not Hit
Track 22625,Not Hit
Track 81398,Not Hit
Track 44885,Not Hit
Track 72982,Not Hit
Track 24884,Not Hit
Track 42178,Not Hit
Track 16344,Not Hit
Track 27571,Not Hit
Track 82199,Not Hit
Track 79934,Not Hit
Track 71571,Not Hit
Track 37099,Not Hit
Track 97997,Not Hit
Track 22716,Not Hit
Track 79913,Not Hit
Track 3221,Not Hit
Track 81666,Not Hit
Track 61946,Not Hit
Track 19563,Not Hit
Track 66783,Not Hit
Track 95464,Not Hit
Track 70528,Not Hit
Track 28959,Not Hit
Track 28108,Not Hit
Track 36979,Not Hit
Track 47106,Not Hit
Track 65448,Not Hit
Track 9639,Not Hit
Track 94148,Not Hit
Track 23727,Not Hit
Track 40118,Not Hit
Track 11409,Not Hit
Track 46786,Not Hit
Track 70279,Not Hit
Track 27670,Not Hit
Track 10881,Not Hit
Track 20445,Not Hit
Track 85190,Not Hit
Track 41398,Not Hit
Track 63248,Not Hit
Track 81599,Not Hit
Track 10026,Not Hit
Track 52812,Not Hit
Track 15687,Not Hit
Track 63785,Not Hit
Track 74101,Not Hit
Track 58380,Not Hit
Track 70820,Not Hit
Track 40534,Not Hit
Track 36944,Not Hit
Track 32439,Not Hit
Track 70328,Not Hit
Track 2266,Not Hit
Track 9473,Not Hit
Track 51303,Not Hit
Track 18980,Not Hit
Track 4898,Not Hit
Track 8175,Not Hit
Track 26842,Not Hit
Track 57367,Not Hit
Track 90153,Not Hit
Track 87992,Not Hit
Track 62216,Not Hit
Track 47543,Not Hit
Track 11393,Not Hit
Track 31362,Not Hit
Track 67100,Not Hit
Track 82326,Not Hit
Track 27141,Not Hit
Track 2421,Not Hit
Track 33207,Not Hit
Track 13148,Not Hit
Track 11410,Not Hit
Track 7018,Not Hit
Track 64485,Not Hit
Track 26322,Not Hit
Track 44752,Not Hit
Track 22087,Not Hit
Track 18329,Not Hit
Track 19779,Not Hit
Track 68070,Not Hit
Track 57857,Not Hit
Track 33402,Not Hit
Track 88952,Not Hit
Track 2012,Not Hit
Track 1181,Not Hit
Track 5194,Not Hit
Track 64516,Not Hit
Track 55611,Not Hit
Track 12485,Not Hit
Track 62775,Not Hit
Track 16975,Not Hit
Track 15125,Not Hit
Track 87549,Not Hit
Track 51612,Not Hit
Track 24205,Not Hit
Track 5234,Not Hit
Track 78966,Not Hit
Track 54841,Not Hit
Track 38424,Not Hit
Track 29529,Not Hit
Track 23937,Not Hit
Track 49871,Not Hit
Track 70305,Not Hit
Track 73006,Not Hit
Track 67920,Not Hit
Track 4214,Not Hit
Track 21577,Not Hit
Track 51818,Not Hit
Track 67077,Not Hit
Track 41415,Not Hit
Track 99952,Not Hit
Track 94874,Not Hit
Track 67979,Not Hit
Track 32108,Not Hit
Track 40816,Not Hit
Track 9231,Not Hit
Track 30707,Not Hit
Track 60088,Not Hit
Track 86229,Not Hit
Track 44468,Not Hit
Track 3390,Not Hit
Track 52606,Not Hit
Track 79084,Not Hit
Track 88155,Not Hit
Track 13230,Not Hit
Track 28385,Not Hit
Track 98662,Not Hit
Track 29939,Not Hit
Track 98964,Not Hit
Track 12809,Not Hit
Track 30213,Not Hit
Track 83498,Not Hit
Track 75436,Not Hit
Track 13197,Not Hit
Track 61573,Not Hit
Track 49774,Not Hit
Track 78440,Not Hit
Track 62802,Not Hit
Track 44178,Not Hit
Track 41217,Not Hit
Track 31947,Not Hit
Track 52527,Not Hit
Track 82915,Not Hit
Track 44628,Not Hit
Track 19922,Not Hit
Track 23593,Not Hit
Track 39756,Not Hit
Track 97915,Not Hit
Track 31545,Not Hit
Track 52008,Not Hit
Track 8477,Not Hit
Track 6443,Not Hit
Track 55974,Not Hit
Track 6929,Not Hit
Track 86475,Not Hit
Track 68432,Not Hit
Track 86541,Not Hit
Track 7064,Not Hit
Track 60631,Not Hit
Track 78852,Not Hit
Track 31646,Not Hit
Track 16290,Not Hit
Track 51835,Not Hit
Track 64229,Not Hit
Track 36441,Not Hit
Track 25929,Not Hit
Track 8002,Not Hit
Track 89220,Not Hit
Track 28877,Not Hit
Track 86921,Not Hit
Track 49779,Not Hit
Track 85464,Not Hit
Track 57350,Not Hit
Track 40367,Not Hit
Track 60779,Not Hit
Track 71486,Not Hit
Track 89612,Not Hit
Track 45797,Not Hit
Track 38685,Not Hit
Track 25414,Not Hit
Track 78746,Not Hit
Track 14416,Not Hit
Track 32628,Not Hit
Track 75385,Not Hit
Track 15203,Not Hit
Track 37988,Not Hit
Track 59859,Not Hit
Track 59406,Not Hit
Track 42389,Not Hit
Track 35560,Not Hit
Track 56018,Not Hit
Track 51776,Not Hit
Track 22984,Not Hit
Track 33966,Not Hit
Track 40875,Not Hit
Track 13438,Not Hit
Track 26951,Not Hit
Track 14907,Not Hit
Track 33755,Not Hit
Track 32019,Not Hit
Track 48807,Not Hit
Track 21521,Not Hit
Track 44728,Not Hit
Track 96817,Not Hit
Track 93834,Not Hit
Track 17522,Not Hit
Track 10096,Not Hit
Track 17950,Not Hit
Track 3672,Not Hit
Track 49604,Not Hit
Track 18120,Not Hit
Track 52805,Not Hit
Track 11085,Not Hit
Track 39541,Not Hit
Track 94117,Not Hit
Track 1789,Not Hit
Track 39787,Not Hit
Track 7474,Not Hit
Track 39219,Not Hit
Track 44174,Not Hit
Track 97561,Not Hit
Track 11594,Not Hit
Track 96663,Not Hit
Track 14227,Not Hit
Track 27116,Not Hit
Track 52619,Not Hit
Track 81818,Not Hit
Track 92463,Not Hit
Track 7578,Not Hit
Track 19294,Not Hit
Track 27865,Not Hit
Track 16202,Not Hit
Track 28362,Not Hit
Track 3155,Not Hit
Track 37859,Not Hit
Track 55459,Not Hit
Track 33329,Not Hit
Track 92338,Not Hit
Track 60367,Not Hit
Track 82172,Not Hit
Track 53529,Not Hit
Track 77454,Not Hit
Track 61347,Not Hit
Track 33710,Not Hit
Track 76443,Not Hit
Track 69859,Not Hit
Track 3145,Not Hit
Track 42755,Not Hit
Track 22609,Not Hit
Track 36867,Not Hit
Track 66173,Not Hit
Track 26073,Not Hit
Track 51218,Not Hit
Track 54126,Not Hit
Track 4992,Not Hit
Track 36951,Not Hit
Track 70442,Not Hit
Track 19117,Not Hit
Track 88259,Not Hit
Track 47492,Not Hit
Track 5038,Not Hit
Track 14267,Not Hit
Track 76704,Not Hit
Track 6605,Not Hit
Track 98275,Not Hit
Track 14871,Not Hit
Track 97789,Not Hit
Track 98905,Not Hit
Track 93790,Not Hit
Track 2981,Not Hit
Track 27825,Not Hit
Track 38281,Not Hit
Track 14594,Not Hit
Track 98707,Not Hit
Track 53904,Not Hit
Track 78475,Not Hit
Track 56378,Not Hit
Track 32727,Not Hit
Track 80861,Not Hit
Track 73589,Not Hit
Track 39886,Not Hit
Track 1333,Not Hit
Track 81792,Not Hit
Track 60238,Not Hit
Track 20682,Not Hit
Track 54650,Not Hit
Track 90225,Not Hit
Track 12469,Not Hit
Track 71044,Not Hit
Track 95580,Not Hit
Track 4489,Not Hit
Track 64755,Not Hit
Track 64342,Not Hit
Track 28817,Not Hit
Track 75630,Not Hit
Track 50929,Not Hit
Track 14040,Not Hit
Track 91332,Not Hit
Track 54005,Not Hit
Track 35961,Not Hit
Track 10783,Not Hit
Track 82747,Not Hit
Track 66585,Not Hit
Track 51902,Not Hit
Track 51086,Not Hit
Track 38708,Not Hit
Track 27375,Not Hit
Track 90459,Not Hit
Track 21779,Not Hit
Track 44769,Not Hit
Track 19222,Not Hit
Track 69689,Not Hit
Track 58188,Not Hit
Track 70099,Not Hit
Track 18491,Not Hit
Track 21987,Not Hit
Track 84707,Not Hit
Track 48650,Not Hit
Track 91471,Not Hit
Track 16782,Not Hit
Track 98587,Not Hit
Track 2210,Not Hit
Track 32271,Not Hit
Track 45650,Not Hit
Track 50239,Not Hit
Track 2744,Not Hit
Track 7704,Not Hit
Track 83827,Not Hit
Track 13768,Not Hit
Track 32265,Not Hit
Track 70930,Not Hit
Track 98518,Not Hit
Track 7942,Not Hit
Track 53533,Not Hit
Track 10171,Not Hit
Track 87774,Not Hit
Track 75445,Not Hit
Track 17928,Not Hit
Track 98034,Not Hit
Track 93696,Not Hit
Track 87551,Not Hit
Track 22626,Not Hit
Track 23441,Not Hit
Track 67721,Not Hit
Track 69148,Not Hit
Track 95022,Not Hit
Track 4350,Not Hit
Track 29956,Not Hit
Track 5177,Not Hit
Track 53020,Not Hit
Track 25348,Not Hit
Track 41062,Not Hit
Track 91430,Not Hit
Track 72162,Not Hit
Track 3899,Not Hit
Track 55068,Not Hit
Track 43434,Not Hit
Track 55212,Not Hit
Track 58008,Not Hit
Track 71425,Not Hit
Track 76053,Not Hit
Track 75791,Not Hit
Track 17021,Not Hit
Track 45956,Not Hit
Track 8162,Not Hit
Track 38733,Not Hit
Track 67473,Not Hit
Track 17587,Not Hit
Track 69217,Not Hit
Track 93006,Not Hit
Track 92732,Not Hit
Track 46725,Not Hit
Track 67534,Not Hit
Track 36207,Not Hit
Track 6189,Not Hit
Track 67573,Not Hit
Track 46272,Not Hit
Track 68794,Not Hit
Track 73243,Not Hit
Track 14181,Not Hit
Track 7423,Not Hit
Track 22565,Not Hit
Track 46443,Not Hit
Track 23609,Not Hit
Track 14890,Not Hit
Track 58704,Not Hit
Track 61905,Not Hit
Track 13047,Not Hit
Track 30890,Not Hit
Track 22015,Not Hit
Track 1115,Not Hit
Track 79546,Not Hit
Track 83606,Not Hit
Track 21683,Not Hit
Track 79627,Not Hit
Track 14742,Not Hit
Track 1342,Not Hit
Track 21412,Not Hit
Track 51256,Not Hit
Track 66711,Not Hit
Track 8097,Not Hit
Track 48195,Not Hit
Track 38968,Not Hit
Track 94254,Not Hit
Track 44992,Not Hit
Track 26206,Not Hit
Track 96322,Not Hit
Track 34739,Not Hit
Track 45431,Not Hit
Track 88574,Not Hit
Track 27208,Not Hit
Track 47156,Not Hit
Track 73642,Not Hit
Track 76540,Not Hit
Track 93145,Not Hit
Track 20428,Not Hit
Track 1190,Not Hit
Track 76391,Not Hit
Track 53472,Not Hit
Track 7805,Not Hit
Track 74459,Not Hit
Track 24875,Not Hit
Track 7493,Not Hit
Track 61735,Not Hit
Track 47314,Not Hit
Track 30934,Not Hit
Track 95783,Not Hit
Track 15779,Not Hit
Track 1166,Not Hit
Track 53360,Not Hit
